name,url,segment,date_verified,confidence,customer_type,sports,markets,monthly_price,annual_price,week_pass,free_tier,free_trial,mobile_app,web_app,sport_specific_plan,all_sport_plan,pro_tier,ai_chat,ai_predictions,ai_explanations,game_picks,player_props,ml,spread,total,f5,nrfi,live_odds,line_movement,best_line,line_shopping,plus_ev,arbitrage,sharp_book_reference,public_bet_pct,bet_tracking,bankroll,custom_models,model_builder,parlay_tools,news,injuries,weather,lineups,matchup_analysis,historical_data,alerts,community,backtesting,api,sportsbook_integration,primary_promise,hero_headline,target_persona,accuracy_claim,claim_substantiation,brand_category,colors
PlayerProps.ai,https://playerprops.ai,AI Prediction,2026-08-31,LOW,B2C self-serve individual bettor,"NBA, NFL, MLB, NHL, WNBA, CFB, CBB, WCBB (coming soon: PGA, soccer, tennis, LoL, Dota2, CS2)","Player props (O/U), moneyline, spread, total, NRFI, F5","$59/mo (site) / $59.99/mo (Apple IAP) [3P-REVIEW, not vendor-confirmed]",$499.99/yr [3P-REVIEW]; 6-month $295 (buy 5 get 1 free),"$20 / 7 days, creditable toward monthly [3P-REVIEW]","PARTIAL - limited free tools only, exact scope UNKNOWN","NO - no unrestricted trial, only the paid week pass",YES,YES,NO,YES,UNKNOWN,NO,YES,UNKNOWN,YES,YES,YES,YES,YES,YES,YES,YES,YES,UNKNOWN,YES,NO,NO,UNKNOWN,YES,UNKNOWN,NO,NO,NO,UNKNOWN,UNKNOWN,UNKNOWN,UNKNOWN,UNKNOWN,YES,NO,UNKNOWN,YES,NO,NO,NO,"AI-powered research/education for smarter, more confident decisions (framed as research assistant, not guaranteed winner)",UNKNOWN (SPA would not render),"Beginner-to-intermediate bettors who want to be taught ""how to think""; per review, best suited to disciplined bettors with $1,000+ bankroll","""Most Accurate NFL Prop Prediction App"" (BetSmart 2025 Accuracy Contest); ""2025 Sports Betting Business of the Year"" (FSGA); no quantified accuracy/ROI number published on-site","None disclosed by vendor. BetSmart contest methodology not found by any source. FSGA award is a business/growth recognition, not an accuracy metric. Reviewer found no public line-by-line ledger.","AI-tech + sports-media hybrid (per one reviewer's characterization, not independently observed)","UNVERIFIED - site unrenderable; possible prior ""dark purple-pink neon"" read is likely stale (app has had 2 redesigns, V3.0 and V4.0, since)"
Rithmm,https://rithmm.com,AI Prediction,2026-08-31,HIGH,"B2C self-serve, ""everyday sports bettors,"" anti-jargon","NFL, NBA, MLB, WNBA, Golf, College Football, College Basketball; World Cup 2026 beta per one review","Player props (win probabilities), spread, totals, moneyline",Core $29.99 / Pro $49.99 / Premium $99.99,"Core $239.99/yr (~$19.99/mo eff, ""4 months free"") / Pro UNKNOWN / Premium $999.99/yr (~$83.33/mo eff, ""2 months free"")",NO,NO (trial-then-paid),"YES - 7 days, all tiers",UNKNOWN (not verified via app-store listing; likely exists),YES,"NO - all 3 tiers cover all sports, tiers differ by feature depth",YES,"YES ($49.99/mo named ""Pro"")","YES (""Scout"", Pro/Premium only)",YES,YES (Scout reasoning),YES,YES,YES,YES,YES,UNKNOWN,UNKNOWN,YES,UNKNOWN,YES (line shopping major sportsbooks),YES,NO,NO,UNKNOWN,UNKNOWN,YES (play tracking),NO,YES,YES,YES (parlay builder),UNKNOWN,UNKNOWN,UNKNOWN,UNKNOWN,"PARTIAL (available via asking Scout, per one customer review; no dedicated module confirmed)",NO (no public ledger found),UNKNOWN,YES (Discord link),"YES (per customer review: ""backtests the models you create"" - CUSTOMER_PAIN.md, not vendor site)",NO,NO,"AI sports predictions, prop analysis, and line comparisons built for everyday bettors","""Never sweat another pick alone.""","Explicitly not the quant/data-scientist bettor - ""no spreadsheets,"" ""no code"" - while also offering a genuine model-builder for deeper users","None on Rithmm's own site (""edge"" undefined, explicit ""No guarantees of outcomes are made""). A widely-cited ""72% NBA accuracy"" figure is a THIRD PARTY's number (TheAISurf.com, March 2026), not Rithmm's own claim.","None disclosed by vendor. Third-party 72% figure has no located methodology, sample size, or date range. Reviewer found no public ledger.","AI-tech (Scout AI-analyst framing, explicit avoidance of jargon/spreadsheet or casino language)","Dark background, white/light logo-wordmark; accent hex not extractable (no screenshot)"
BetQL,https://betql.co,AI Prediction,2026-08-31,MEDIUM,B2C self-serve; also runs an affiliate program,"NCAAF, NFL, MLB, MLS, EPL, Bundesliga, LaLiga, Serie A, UCL, World Cup, NHL, NBA, NCAAB, ATP, WTA, Golf (broadest list in AI-prediction segment)","Spread, moneyline, totals, 1st/2nd-half spreads, player props, first-five-innings (MLB)",Premium $19.99 / Pro $24.99 / VIP $29.99 / Sharp $49.99 [APP-STORE-DIRECT]; conflicting 3P sources exist (see PRICING.md notes); All Sports Day Pass $4.99/24h,Premium $59.99 / Pro $99.99 / VIP $149.99 / Sharp $299.99 [APP-STORE-DIRECT],"NO (day pass exists instead, see monthly_price note)","YES (""Get Started for Free"" primary CTA; scope UNKNOWN)","UNKNOWN (one 3P review claims a ""limited free trial"" in addition to the free tier - unverified, possibly conflated)",YES,YES,YES - unique in this segment: tiers scale by sport count (1/2/3/all sports),YES (Sharp tier),"YES (named as the 2-sport tier - note this differs from the usual ""top tier"" meaning of Pro)",NO,"YES (""10,000 simulations"" per game)",NO,YES,YES,YES,YES,YES,YES,UNKNOWN,YES,YES (5-min refresh),UNKNOWN,UNKNOWN,NO,NO,"YES (""Sharp Picks"" - clearest sharp-money feature of the 5 AI-prediction products)",YES,UNKNOWN,NO,NO,NO,UNKNOWN,YES (daily expert articles),UNKNOWN,UNKNOWN,UNKNOWN,UNKNOWN,UNKNOWN,UNKNOWN,NO,NO,NO,NO,"One-stop shop for picks, analysis, and sportsbook offers","""Your one-stop shop for sports betting picks, analysis, and sports offers.""","Explicit dual-segment: ""casual and serious bettors""","""Each game or match is simulated 10,000 times based on all available data providing... a fact based prediction and clear probability projections.""","Simulation count is stated; inputs, validation method, backtest, and historical hit rate/ROI are NOT disclosed. 3P review notes no ROI/win-rate guarantee is made anywhere.","Sports-media blended with finance-like data-terminal elements (line-movement tracker, public-bet%, sharp-money signal)",UNKNOWN (no render)
PropsBot.ai,https://propsbot.ai,AI Prediction,2026-08-31,HIGH,"B2C, ""serious bettors seeking automated research to replace manual spreadsheet analysis""","NFL, NBA, MLB, NHL, WNBA, NCAAF, PGA Golf, UFC, eSports, Bare Knuckle (BKFC), Soccer (multi-league), Tennis, KBO (widest sport list of the 5 AI-prediction products)","Player props (0-100 Confidence Score, Edge Score), moneyline, spread, totals",$49.99/mo,"$419.99/yr (~$35/mo eff, ""save $180""); 6-month $254.99 (~$42/mo eff)",NO,"NO (trial-only, framed as ""Start Free - 7 days"")","YES - 7 days, cancel anytime",UNKNOWN,YES,NO,YES,NO named tier,NO,YES,UNKNOWN,YES (daily top-5 picks),YES,YES,YES,YES,UNKNOWN,UNKNOWN,UNKNOWN,UNKNOWN,YES (line shopping across 25+ sportsbooks),YES,NO,NO,UNKNOWN,UNKNOWN,UNKNOWN,NO,NO,NO,UNKNOWN,UNKNOWN,UNKNOWN,UNKNOWN,UNKNOWN,UNKNOWN,"YES - user-sortable, date-rangeable public track-record dashboard (best-in-segment transparency)",UNKNOWN,YES (private strategy Discord),UNKNOWN,NO,NO,Automated research to replace manual spreadsheet analysis,"""NFL research starts now. Your matchup tools are ready."" (seasonal/dynamic copy)",Serious bettors doing manual spreadsheet research today,"""27.8% ROI,"" ""218,826 Props graded,"" ""+95 units tracked profit,"" ""101,881 verified MLB outcomes,"" ""4.8 avg rating""","Most disclosed methodology in the AI-prediction segment: picks logged pre-game with timestamp + posted line + closing line captured; self-serve sortable/date-rangeable dashboard. Gaps: self-graded with no named external auditor; exact date range for the headline 27.8% ROI / 218,826-props figure is not stated.","AI-tech / SaaS-dashboard-like (confidence scores, sortable dashboard, ""Edge Score"")","Described secondhand as modern dashboard, blue/tech scheme - not screenshot-confirmed"
PropJuice.ai,https://propjuice.ai,AI Prediction,2026-08-31,MEDIUM,B2C self-serve,"NBA, NFL, MLB (narrowest sport coverage in this segment); MLB matchup models newly live for 2026",NBA: spreads/totals/props. NFL: spreads/ML/totals/props. MLB: ML/spread/total/batter+pitcher props.,UNKNOWN - homepage references a pricing URL and free trial but no dollar figures could be read; do not report a price without re-verifying,UNKNOWN,UNKNOWN,YES (standalone free probability calculator tool),Referenced on-page but terms UNKNOWN,"YES (iOS confirmed, includes alerts + bet tracking)",YES,UNKNOWN,UNKNOWN,UNKNOWN,NO,"YES (""ensemble of 30+ models"")",UNKNOWN,YES (letter-grade A-B recommended picks),YES,YES,YES,YES,UNKNOWN,UNKNOWN,UNKNOWN,UNKNOWN,UNKNOWN,UNKNOWN,NO,NO,UNKNOWN,UNKNOWN,YES (iOS app feature),NO,NO,NO,NO,UNKNOWN,UNKNOWN,UNKNOWN,UNKNOWN,UNKNOWN,"YES (live results tracking broken out by grade, self-graded)",YES (iOS app),UNKNOWN,NO,NO,NO,AI-powered sports betting analytics platform using an ensemble of 30+ models,"""AI-powered sports betting analytics platform that uses an ensemble of 30+ models.""",UNKNOWN,"Highest headline numbers in the AI-prediction segment: ""NBA spreads 75%, NBA player props up to 80%, NFL spreads and moneyline 70%, NFL totals 65%""","Scored vs. closing lines (stated), timestamped pre-game (claimed) - but NO sample size or time period disclosed for the headline percentages; site's own copy admits ""these results represent our initial development phase"" and MLB section separately says ""tracking live""; self-graded (""we grade and post our own results""); percentages scoped to grade A-B picks only with the A-B share of total picks undisclosed. Also carries an unverified ""DOD forecasting heritage"" claim with no named individual/program/contract found.",UNKNOWN,UNKNOWN
OddsJam,https://oddsjam.com,Sharp/Odds,"2026-08-31 (site blocked, Cloudflare 403)",LOW,Recreational-to-semi-pro through serious +EV/arbitrage bettors,"NFL, NBA, College Football, MLB, College Basketball, NHL, Soccer, Golf; player props; futures","Arbitrage, Positive EV, Middles, Low Hold, Promo Conversion, Parlay Builder, full calculator suite","Highly conflicting across sources. App Store IAP (seen directly): Trends $19.99, Fantasy Optimizer $59.99, Fantasy Picks $79.00, Gold $199.99, Sharp Money $199.99, Platinum $499.99, Positive EV $499.99, Positive EV Global $399.99. Separate 3P reviews (site-pricing, unverified) converge on Gold ~$199/mo, Platinum ~$499/mo.",UNKNOWN precisely; one 3P source cites Platinum ~$400/mo billed annually; one outdated source cites $999/mo (likely stale) - not used,NO found,"UNCONFIRMED (""Try for free"" CTA seen in a 2026-06 archive snapshot)",UNCONFIRMED,YES,UNKNOWN (site blocked; presumed yes),"PARTIAL (fantasy/sharp/EV tiers are separately priced add-ons, not split by sport)",UNKNOWN,"UNKNOWN (no tier literally named ""Pro"")",NO,"NO (odds/EV-scanning tool, not an outcome-prediction product)",NO,UNKNOWN,YES,UNKNOWN,UNKNOWN,UNKNOWN,UNKNOWN,UNKNOWN,YES,UNKNOWN,YES,YES,"YES (named ""Positive EV Betting Tool"")","YES (named ""Arbitrage Betting Tool"")","YES (""Sharp Money"" tier; App Store listing title itself uses ""Sharp"")",UNKNOWN,UNKNOWN,PARTIAL (Kelly calculator exists; no dedicated bankroll module confirmed),NO,NO,YES (Parlay Builder),UNKNOWN,UNKNOWN,UNKNOWN,UNKNOWN,UNKNOWN,UNKNOWN,UNKNOWN,UNKNOWN,UNKNOWN,UNKNOWN,UNKNOWN,"Player Props, +EV, & Arbitrage","""Player Props, +EV, & Arbitrage"" (App Store listing pitch)",Recreational-to-semi-pro through serious +EV/arb bettors,"None quantified found; one 3P source asserts OddsJam avoids publishing performance figures since its function is price-discrepancy detection, not outcome prediction (unverified assertion)","N/A for an odds-arithmetic tool. No on-site vig-adjusted-EV disclaimer language could be checked (site blocked). Multiple independent customer reviews allege stale lines and net losses at volume despite the EV framing (self-reported, not audited).",UNKNOWN (site blocked),UNKNOWN (site blocked)
Unabated,https://unabated.com,Sharp/Odds,2026-08-31,MEDIUM,"Recreational bettors seeking sustainable profitability, ""side-hustle"" volume bettors, aspiring pros",UNKNOWN full list; WNBA + multi-sport player prop projections; NFL/CFB futures simulators,"Vig-free consensus line (""Unabated Line""), props, futures, live/in-play inefficiency detection","UNVERIFIED-secondary: free/""essentials"" tier + paid add-ons - Props+ ~$99/mo, Premium ~$199/mo, Concierge ~$799/mo; sport add-ons e.g. WNBA Projections ~$129/mo, Tennisform ~$55/mo",Premium ~$167/mo effective annual; Concierge ~$667/mo effective annual (UNVERIFIED-secondary),NO found,"YES (free/""essentials"" tier)",NO advertised trial found; monthly plans reportedly carry a 14-day money-back guarantee (UNVERIFIED-secondary),UNKNOWN,YES,YES (sport-specific add-ons sold separately),UNKNOWN,"UNKNOWN (tiers named Premium/Concierge, not ""Pro"")",NO,UNKNOWN,NO,UNKNOWN,YES,UNKNOWN,UNKNOWN,UNKNOWN,UNKNOWN,UNKNOWN,"YES (real-time odds/props, 30+ sportsbooks)",UNKNOWN,"YES (""Unabated Line"" vig-free consensus benchmark)",YES,"UNKNOWN (""edge"" language used generally, not a named +EV tool)",UNKNOWN,"YES (Unabated Line explicitly built from a blend of sharp/market-making books, e.g. Pinnacle/Circa-type)",UNKNOWN,UNKNOWN,UNKNOWN,NO,NO,UNKNOWN (has hedge/half-point/partial-game calculators),UNKNOWN,UNKNOWN,UNKNOWN,UNKNOWN,UNKNOWN,UNKNOWN,UNKNOWN,YES (member Discord),UNKNOWN,UNKNOWN,UNKNOWN,"Bet with clarity using tools, education, and data science developed by pro bettors","""Every Sharp Started Somewhere""",Recreational bettors seeking sustainable profitability,"""96% of Unabated members say they've become profitable sports bettors"" (strong, unqualified); testimonials cite specific dollar bankroll growth","Self-reported member survey statistic; no methodology disclosed; testimonial-based, not an audited performance figure","Sports-media / pro-bettor-community (heavy Discord, education, ""pro bettor"" authorship framing)",UNKNOWN
Betstamp PRO,https://www.betstamp.com/pro,Sharp/Odds (B2B),2026-08-31,HIGH,"B2B: professional bettors/syndicates, sportsbook operators/trading teams, market makers/exchanges, DFS/sweepstakes operators, media/affiliates, pro team analytics; separate free consumer bet-tracker app also exists under the same brand","NFL, NBA, MLB, NHL, NCAA football/basketball, Soccer (EPL/UCL/La Liga/Serie A/Bundesliga/Ligue 1/MLS/World Cup), UFC, WNBA, CFL, ATP, WTA","Player props (2,548+ markets), same-game-parlay leg-by-leg fair value","Main plan $249/mo, + PPH feeds add-on $99/mo, + Alts add-on $129/mo (fully loaded ~$477/mo); ""Props""/""Live"" plans invite-only (contact sales)","""Save up to 40%"" advertised; no exact annual dollar figure shown on-site",NO,"YES (separate free consumer ""Betstamp: Bet Tracker & Props"" app, 100,000+ downloads)",UNKNOWN for PRO,YES (consumer tracker app),YES (PRO Odds Screen),"NO (priced by feed/add-on, not by sport)",YES,"YES (product literally named ""Betstamp PRO"")",NO,NO,NO,NO,YES,UNKNOWN,UNKNOWN,UNKNOWN,UNKNOWN,UNKNOWN,"YES (sub-second, 400ms median refresh)","YES (steam alerts, True Line move >2.5%)","YES (proprietary ""True Line"")",YES,"UNKNOWN (""automatic edge detection"" language, not literally named +EV)",YES (via negative-hold sorting),"YES (""True Line"" is explicitly a market-maker-referenced pricing benchmark)",UNKNOWN,YES (integrated one-click; also the free consumer app is a bet tracker),UNKNOWN,NO,NO,YES (same-game-parlay leg pricing),NO,NO,NO,NO,NO,YES (5+ seasons backtested/historical data),YES (steam alerts),NO,YES,"YES (referenced in brand/positioning copy alongside ""data layer""/SLA language)","YES (200-207+ sportsbook/operator coverage: regulated, offshore, PPH, and prediction markets Polymarket/Kalshi)",The pricing and data layer for modern sports markets,"""The True Line: The Sharpest Props Pricing in the Industry."" (PRO site)",Explicitly professional/B2B - six named segments; explicitly NOT recreational bettors on the PRO product,"None - no ROI/accuracy claim of any kind; substitutes technical/authority metrics (99.99% uptime SLA, refresh speed, book count) for testimonials","Technical specs are stated plainly (uptime SLA, refresh speed, historical data depth) but no accuracy or predictive-performance claim is made at all, so there is nothing to substantiate on that axis","Finance / data-infrastructure (""SLA,"" ""data layer,"" ""API,"" enterprise segments)",UNKNOWN
Outlier,https://outlier.bet,Sharp/Odds & Props Research,2026-08-31,HIGH,"Consumer, mobile-first bettors","NBA, NFL, MLB, CBB",Player props and game lines (spread/ML/total),Premium $19.99 / Premium+ $29.99 / Pro $79.99,"~$199.99 / ~$299.99 / ~$359.99 per yr respectively (3P-sourced, not confirmed live)",NO,NO (no non-trial free tier),"YES - 7 days, all tiers",YES,YES (app.outlier.bet),NO,YES,"YES (""Pro"" $79.99/mo top tier)",NO,"UNKNOWN (trend/EV-driven tool; ""AI"" framing not confirmed)",NO,YES (trending insights/recommended bets),YES,UNKNOWN,UNKNOWN,UNKNOWN,UNKNOWN,UNKNOWN,YES,YES (per-sportsbook live movement charts),YES,YES,"YES (""Positive EV badge"" using named ""DVIG/no-VIG calculations""; full +EV feed on Pro)","YES (Pro tier: ""calculates exact stakes across sportsbooks for a guaranteed profit"")","YES (""sharp-book odds comparison,"" Pro tier)",NO,UNKNOWN,NO,NO,NO,UNKNOWN,NO,YES,YES,UNKNOWN,YES,NO (no public ledger),YES,NO,NO,NO,YES (FanDuel/DraftKings/BetMGM/Caesars/bet365 etc.; 2-click bet placement claimed - true placement vs deep-link UNKNOWN),"Quickly analyze thousands of picks, find your edge, beat the odds","""The #1 App for Making Smarter Bets""",Broad consumer bettor wanting an all-in-one smarter-bets app,"Testimonial quoted on marketing page: ""Up +24.82% ROI for May"" (user testimonial, not a vendor performance claim)","No vendor-made accuracy claim to substantiate; the ROI figure is a cherry-picked user testimonial, not an audited number. Sample-size/denominator handling on Outlier's own trend cards was not independently verified this pass (flagged gap).",Consumer app / mobile-first,"Blue/purple accents, minimalist modern UI (per fetch-tool summary, not screenshot-confirmed)"
OddsShopper,https://www.oddsshopper.com,Sharp/Odds,2026-08-31,MEDIUM,New and experienced bettors; hybrid odds-tool + tout/insider-pick business model,UNKNOWN specific list,"Portfolio EV, arbitrage, live/in-game EV+arbitrage, prediction-exchange liquidity tool, curated ""Tails"" picks",UNKNOWN - not shown on homepage; /pricing URL 404'd,UNKNOWN,UNKNOWN,UNKNOWN,"YES (""Start Free Trial"" CTA, terms unstated)",UNKNOWN,YES,UNKNOWN,UNKNOWN,UNKNOWN,NO,NO,NO,"YES (""Tails"" - curated picks from vetted insiders)",UNKNOWN,UNKNOWN,UNKNOWN,UNKNOWN,UNKNOWN,UNKNOWN,"YES (Odds Screen, in-game live EV/arb)",UNKNOWN,YES,YES,"YES (named ""Portfolio EV"")","YES (named, ""guaranteed profit opportunities"")","YES (""Liquidity Tool"" - following sharp bettors on prediction exchanges)",UNKNOWN,UNKNOWN,UNKNOWN,NO,NO,UNKNOWN,UNKNOWN,UNKNOWN,UNKNOWN,UNKNOWN,UNKNOWN,UNKNOWN,UNKNOWN,NO,UNKNOWN,UNKNOWN,UNKNOWN,Engineer your edge - stress-test millions of strategies across billions of odds to surface profitable edges,"""All Paths To Profit Begin Here""",Both new and experienced bettors; explicit tout/insider-following angle layered onto self-serve tools,"""stress-test millions of strategies across billions of odds to surface profitable edges""; testimonials claim being ""profitable every month""","None disclosed - marketing language only, no methodology, sample, or audit found","Most tout/marketing-forward voice in the sharp/odds segment (""Legends,"" ""Ride With Sharps"")",UNKNOWN
RebelBetting,https://www.rebelbetting.com,Sharp/Odds,2026-08-31,HIGH,"Value/arbitrage bettors; explicit ""investment"" framing",UNKNOWN explicit list; 100+ supported bookmakers,"Value betting (+EV under a different name), sure betting/arbitrage",Starter $99/mo / Pro $209/mo,Starter $69/mo effective annual / Pro $139/mo effective annual,NO,NO,"YES - 14-day, capped at 50 bets/day",UNKNOWN,YES,NO,YES,"YES ($209/mo named ""Pro"")",NO,NO,NO,NO,UNKNOWN,UNKNOWN,UNKNOWN,UNKNOWN,UNKNOWN,UNKNOWN,YES (real-time alerts),UNKNOWN,YES (mispriced-odds ID across 100+ books),YES,"YES (""value betting"")","YES (""sure betting,"" ""risk-free profit locking"")","YES (states a Pinnacle partnership ""since 2009"")",NO,YES (auto-settling bet tracker),UNKNOWN,NO,NO,NO,NO,NO,NO,NO,NO,UNKNOWN,YES,NO,NO,NO,"UNKNOWN (100+ supported bookmakers named, integration mechanism not detailed)",Turn Sports Betting Into an Investment,"""Turn Sports Betting Into an Investment""","Bettors seeking a mathematical edge, framed explicitly as an investment","Most aggressive claims found in either odds segment: ""Total Member Profit: EUR23M,"" ""30% Avg ROI/Month,"" ""EUR1,760 Avg Profit/Month,"" ""Average users double their starting bankroll within 3 months""","None disclosed/audited - self-reported member statistics. Notably, RebelBetting proactively publishes its own blog post on handling bookmaker limiting/bans, i.e. openly acknowledges the displayed edge is not durably executable at one book at scale - the most transparent vendor on this specific risk found in either odds segment.",Finance/investment framing - most explicit of the sharp/odds segment,UNKNOWN
Props.Cash,https://props.cash/,Props Research,2026-08-31,HIGH,"Individual sharp/recreational prop bettors, content creators","NBA, NFL, MLB, NHL, NCAAF, NCAAM, EPL, MLS, WNBA, CS:GO",Player prop hit-rate tables,"$19.99/mo (all sports); Season Passes: NFL $99.99, NBA $99.99",$199.99/yr list; promo code ANNUAL40 = $119.99/yr effective,NO,NO persistent free tier,YES - 7 days,"YES (iOS confirmed, 4.8, 7.7K ratings)",YES,YES (NFL/NBA Season Passes),YES,NO,NO,"NO (hit-rate display tool, not AI-generated predictions)",NO,NO,YES,UNKNOWN,UNKNOWN,UNKNOWN,UNKNOWN,UNKNOWN,YES (odds comparison across sportsbooks),UNKNOWN,YES,"PARTIAL (functionally present as odds comparison; the product's own code grep found no feature literally named ""line shopping"")",NO,NO,NO,NO,NO (research-only; grepped code shows no bet-tracking or sportsbook-account sync),NO,NO,NO,"NO (grepped production code, not found)",NO,YES,YES,YES (rotation context),"YES (BvP/DvP, home/away, rolling L3/L5/L10/L20 + custom window)",YES (rolling-window hit-rate history),UNKNOWN,"NO (grepped code, not found)",NO,NO,NO,Player-prop hit-rate research across filterable rolling windows,UNKNOWN,Sharp/recreational prop bettors and content creators,"None - product is a hit-rate display tool, makes no accuracy/ROI claim","N/A to a claim, but a direct, notable finding: grepping the entire live production JS bundle for ""sample size,"" ""disclaimer,"" ""minimum games,"" etc. returned ZERO product-facing hits. UI allows slicing to L3 (3 games) or a fully custom range with no floor or sample-size warning anywhere.","AI-tech/data-tool (research-only, no picks or predictions)",UNKNOWN
LineMate,https://linemate.io/,Props Research,2026-08-31,MEDIUM,"""Everyday sports fan,"" casual-to-intermediate bettors","NFL, NCAAF, AFL, NRL, NBA, WNBA, NCAAB, NHL, MLB, EPL, La Liga, Serie A, Bundesliga, Ligue 1, MLS, UEFA competitions","Player props, parlay recommendations (LineMate+)","DISCREPANCY, both reported: Website checkout code shows $14.99/mo; iOS App Store IAP list shows TWO monthly SKUs, $9.99 and $14.99","DISCREPANCY, both reported: Website checkout code shows $149.99/yr; iOS App Store IAP list shows TWO annual SKUs, $59.99 and $79.99 (a widely-repeated rumor of ""$14.99/mo, $59.99/yr"" is only partially confirmed - the $59.99/yr matches an App Store SKU but not the current $149.99/yr web default)",NO,"YES (base app free; ""LineMate+"" gates parlay recommendations)",YES - 7 days (confirmed in code),YES (iOS + Android),YES,NO,"YES (single ""LineMate+"" tier)",NO,NO,NO,NO,YES (parlay recommendations),YES,UNKNOWN,UNKNOWN,UNKNOWN,UNKNOWN,UNKNOWN,UNKNOWN,UNKNOWN,UNKNOWN,UNKNOWN,NO,NO,NO,NO,UNKNOWN,NO,NO,NO,"YES (gated ""LineMate+"" feature)",NO,UNKNOWN,UNKNOWN,UNKNOWN,"YES (""Versus Opponent,"" ""Team Form,"" ""Home/Away"" filter categories)","YES (hit-rate splits, rolling windows down to a 3-game minimum)",UNKNOWN,NO,NO,NO,NO,Sports analytics for everyone,"""Sports analytics for everyone""","Everyday sports fan, casual-to-intermediate bettor","None as a company statistic, but the product itself ships pre-built filter categories whose subtitle string is literally ""100% Hit Rates"" (e.g. Versus Opponent, Alternate Lines, Home/Away, Team Form, Unders Only)","The single most important negative finding across both prop-research tools inspected at the code level: the ""100% Hit Rates"" category label is gated by a hard-coded MINIMUM OF 3 GAMES (localized in 6 languages), with no denominator or sample-size warning shown next to the label anywhere the code was inspected. A badge reading ""100% Hit Rate"" can legitimately be built on n=3.",Consumer / sports-media,UNKNOWN
Action Network / Action PRO,https://www.actionnetwork.com/pro,Props Tracking / Consumer,2026-08-31,HIGH,"Consumer, casual-to-serious bettors; media-company product","UNKNOWN full list (implied broad, not itemized)","Expert picks, prop projections, betting model projections","PRO Weekly $14.99/wk, PRO Monthly $24.99/mo. App Store IAP additionally lists a 3-Month tier at $59.99 and a separate ""EDGE"" line (EDGE Monthly $29.99) not present on the web checkout.","PRO Annual $119.99/yr (marked ""Best Value!""); EDGE Annual $99.99",YES ($14.99/week),"YES (free base app: Live Odds, Expert Picks, Personal Bet Tracking, Pick & Game Alerts, Some Articles, Bet Percentages)",UNKNOWN (not explicitly confirmed),YES,YES,NO,YES,"YES (product literally named ""Action PRO""; a separate ""EDGE"" product line also exists in-app)",NO,"YES (""Betting model projections"" / ""Betting Projections"")",NO,"YES (Expert Picks free tier; ""PRO System Picks"" paid)","YES (Top player prop values, Prop Projections)",UNKNOWN,UNKNOWN,UNKNOWN,UNKNOWN,UNKNOWN,YES,"YES (""PRO Line Alerts"")",UNKNOWN,UNKNOWN,NO,NO,"YES (""Sharp Action Report"")","YES (on the free tier: ""Real money percentages"" / ""Bet Percentages"")",YES (Personal Bet Tracking free; Custom Bet Tracking PRO; BetSync auto-sync also free),NO,NO,NO,UNKNOWN,YES (Premium Articles & Insights),"UNKNOWN (a named, unmet feature request in reviews)",NO,UNKNOWN,UNKNOWN,"YES (""Historically profitable systems,"" no % disclosed)",YES (Pick & Game Alerts free; Instant Expert Pick Alerts PRO),NO,UNKNOWN,NO,"YES (BetSync auto-tracks bets at partner sportsbooks - historically DraftKings, WynnBet, PointsBet, in 18 approved states; free, no subscription required)",More edges. Less noise.,"""ACTION PRO - More edges. Less noise.""","Casual-to-serious bettors, media-company audience, content segmented by experience level","""Historically profitable systems"" is named as a feature but no percentage/figure is disclosed on the subscribe page","No quantified claim to substantiate. Customer reviews repeatedly report picks/projections ""not beating chance"" over sustained use (5+ independent reviews); one single-source, unverified allegation that Action Network removed a previously ""3rd-party verified"" bet-tracking/ROI program (""Verified""/""Bet Labs"").",Sports-media,UNKNOWN
Pikkit,https://pikkit.com/,Props Tracking / Consumer,2026-08-31,HIGH,Consumer bet-tracker with a social layer,"UNKNOWN itemized list (implied broad, via 30+ synced sportsbooks)","N/A - bet tracker, not a picks/research product","Core tracking/analytics/BookSync are FREE, no card required. ""Pikkit Pro"" exists; App Store IAP range shown is $29.99-$199.99 (monthly/annual mix, exact tier-to-price mapping unconfirmed)",Same unresolved $29.99-$199.99 IAP range - breakdown unconfirmed,NO,"YES (core tracking, analytics, BookSync all free, no subscription or credit card required)",N/A (core product is free; Pro pricing/trial terms unconfirmed),YES,UNKNOWN,NO,YES (implied),"YES (""Pikkit Pro"")",NO,"UNKNOWN (site mentions ""win-probability"" tracking; unclear if AI-generated)",NO,NO,NO,UNKNOWN,UNKNOWN,UNKNOWN,UNKNOWN,UNKNOWN,UNKNOWN,UNKNOWN,YES (line shopping across 30+ books),YES,NO,NO,NO,NO,"YES (BookSync, core feature)",UNKNOWN,NO,NO,YES (copy-bet-to-slip),NO,NO,NO,NO,NO,YES (analytics/trend/scenario analysis; closing-line-value analysis on Pikkit Pro),UNKNOWN,"YES (social feed, follow friends/influencers, granular privacy controls)",NO,NO,"YES (BookSync: 30+ named books incl. DraftKings/FanDuel/BetMGM/Caesars/theScore Bet/Fanatics; read-only credential-based, credentials encrypted and not stored, cannot place bets or move funds)",All of your bets and friends in one place,"""All of Your Bets And Friends In One Place.""",Social bettors wanting tracking plus a community/leaderboard layer,"None found - deliberately positions itself against self-reported/manual stats, verified via sync instead of making its own performance claim","N/A - no performance claim is made. Note: repeated, dominant complaint theme (10+ reviews, Oct 2025) is paywalling of previously-free features (""Pikkit Plus""), not accuracy.",Consumer/social app,"Clean, modern, minimalist; dark/light UI with blue accents"
Juice Reel,https://www.juicereel.com/,Props Tracking / Consumer,2026-08-31,HIGH,Consumer bet-tracker plus a handicapper marketplace,UNKNOWN itemized list (implied broad via 300+ synced platforms),"N/A - tracker/marketplace, not a picks/research product itself","Base tracker app is free. Marketplace seller subscriptions are priced per-seller, roughly $0.96-$14.99/week (not a flat platform price)",N/A (weekly seller pricing model),"PARTIAL (seller subscriptions are sold weekly, but this is a marketplace-seller price, not a platform week pass)","YES (bet-tracker app itself is free, iOS + Android)",N/A,YES,UNKNOWN,NO,UNKNOWN,NO,NO,NO,NO,"YES (marketplace handicapper picks, sold per-seller)",UNKNOWN,UNKNOWN,UNKNOWN,UNKNOWN,UNKNOWN,UNKNOWN,UNKNOWN,UNKNOWN,UNKNOWN,UNKNOWN,NO,NO,NO,NO,"YES (""automatically pulls every bet"" from 300+ books/platforms)",NO,NO,NO,NO,NO,NO,NO,NO,NO,"YES (""60M+ Bets tracked""; seller track records are derived from synced data, not self-reported)",UNKNOWN,YES (marketplace/leaderboard),NO,NO,YES (300+ named platforms incl. DraftKings/FanDuel/BetMGM/Caesars/Bet365/Underdog/PrizePicks/Sleeper and even Kalshi - the widest sync claim found in either segment),The world's first transparent betting marketplace,"""The world's first transparent betting marketplace.""","Bettors wanting verified (sync-derived), not self-reported, handicapper track records","""60M+ Bets tracked,"" ""100% Verified betting data,"" 4.8 rating with ""5.5K ratings"" cited on-site","Core differentiator (seller records derived from synced sportsbook data rather than self-reported) is a real structural advantage vs. tout marketplaces, but no explicit small-sample warning was found on the marketplace/leaderboard pages (could not access logged-in leaderboard UI to confirm either way)",Consumer/marketplace,"Orange/white color scheme, clean modern card-and-leaderboard UI"
BettorEdge,https://www.bettoredge.com/,"Props Tracking / Consumer (P2P exchange, adjacent)",2026-08-31,MEDIUM,"Peer-to-peer exchange bettors (""bet against people, not the house"") - not a strict apples-to-apples comparator","NFL, MLB, NBA, NHL, WNBA, UFC, Tennis, College Football, March Madness","Peer-to-peer order matching (no-vig pricing), pick'ems, auction squares","Free to join (~2 min ID verification, no deposit required). A ""Premium tier"" is mentioned for advanced analytics/priority market access, but no dollar figure was found anywhere on-site.",UNKNOWN,NO,"YES (free to join, no deposit required)",N/A,UNKNOWN,YES,NO,N/A,"UNKNOWN (""Premium tier"" mentioned, not named ""Pro"")",NO,NO,NO,YES (pick'ems),UNKNOWN,UNKNOWN,UNKNOWN,UNKNOWN,UNKNOWN,UNKNOWN,UNKNOWN,UNKNOWN,UNKNOWN (P2P no-vig order matching is a different pricing model than book-comparison),NO,NO,NO,NO,NO,YES (leaderboards/performance tracking for the platform's own bets),NO,NO,NO,NO,NO,NO,NO,NO,NO,UNKNOWN,NO,"YES (leaderboards, head-to-head challenges, group chats, Discord bot to 1,100+ servers)",NO,NO,"NO (structurally sidesteps the sync problem - bets are native to BettorEdge's own exchange, not placed at third-party sportsbooks)","Bet against people, not the house","""Bet against people, not the house.""",Bettors wanting a peer-to-peer exchange instead of betting against a sportsbook,"None - marketing assertions only: 35,000+ active bettors, $100M+ matched peer-to-peer, 1M+ orders placed, ""legal in 45+ states""","None applicable - these are adoption/scale metrics, not performance or accuracy claims",Fintech/exchange-adjacent,UNKNOWN
