lead_id,person_channel,source,sport_interest,message_version,sent_at,reply_at,reply_classification,signup_at,activated_at,payment_at,next_followup,notes,batch,would_pay_at
l001-covers-website-promotions-forum,Covers Website Promotions Forum,forum,All sports betting,feedback post + record link,,,,,,,,,1,
l002-therx-site-promotions-forum,TheRX Site Promotions Forum,forum,All sports betting; service plays,feedback post + record link,,,,,,,,,1,
l003-justbaseball-betting,"JustBaseball Betting (Peter Appel, TheDannyClassic)",creator,MLB betting,first_line + Variant B,,,,,,,,,1,
l004-monotonebetting-substack,MonotoneBetting Substack,creator,"Player props, DC sports",first_line + Variant B,,,,,,,,,1,
l005-farleys-substack,Farley's Substack,creator,"NFL betting, psycho-social angles",first_line + Variant B,,,,,,,,,1,
l006-the-closing-line-podcast,The Closing Line Podcast (Dustin Gouker),creator,"Betting industry, picks ecosystem",first_line + Variant B,,,,,,,,,1,
l007-joseph-buchdahl,Joseph Buchdahl (@12Xpert),x_account,"Betting statistics, tipster evaluation",X reply template,,,,,,,,,1,
l008-tyler-shoemaker,Tyler Shoemaker (@TShoeIndex),x_account,"NFL, MLB ratings; tracked bets",X reply template,,,,,,,,,1,
l009-tommy-lorenzo,Tommy Lorenzo (@sportsbooktom),x_account,"MLB, CFB, NFL contests; podcast host",X reply template,,,,,,,,,1,
l010-kyle-kirms,Kyle Kirms (@kylekirms),x_account,Sports betting content,X reply template,,,,,,,,,1,
l011-picks-with-the-professor,Picks with the Professor (@ProfessorSides),x_account,Player-level data betting,X reply template,,,,,,,,,1,
l012-unit-circle,Unit Circle,discord_server,"NFL, NBA, MLB, esports; props + fantasy",first_line + Variant B,,,,,,,,,1,
l013-337picks,337picks,discord_server,"NFL, MLB, UFC, college football",first_line + Variant B,,,,,,,,,1,
l014-presidential-props,Presidential Props,discord_server,"Props (PrizePicks/Underdog), NFL and others",first_line + Variant B,,,,,,,,,1,
l015-fantasy-football-addicts,Fantasy Football Addicts,discord_server,NFL fantasy football,first_line + Variant B,,,,,,,,,1,
l016-dynasty-fantasy-baseball-prospects,Dynasty Fantasy Baseball + Prospects,discord_server,"Dynasty fantasy baseball, MLB prospects",first_line + Variant B,,,,,,,,,1,
l017-bmb-picks,BMB Picks,discord_server,"Player props (PrizePicks, Betr, Chalkboard, DraftKings)",first_line + Variant B,,,,,,,,,1,
l018-cash-counter,CASH COUNTER,discord_server,"NFL, NCAAF, player props and game lines",first_line + Variant B,,,,,,,,,1,
l019-sbpicks,SBPICKS,discord_server,"NFL, NBA, soccer, CS2; parlays and props",first_line + Variant B,,,,,,,,,1,
l020-xploit-wagers,Xploit Wagers,discord_server,"NFL, NBA, MLB",first_line + Variant B,,,,,,,,,1,
l021-trustmyrecord-forums,TrustMyRecord Forums,forum,General betting; MLB contest,feedback post + record link,,,,,,,,,2,
l022-david-miller,David Miller (@vegasringers),x_account,+EV betting,X reply template,,,,,,,,,2,
l023-monotone-football,Monotone Football (@MonotoneFootbal),x_account,"Sports betting writer, Substack",X reply template,,,,,,,,,2,
l024-beat-the-spread,Beat the Spread (@WeBeatTheSpread),x_account,Betting content creator,X reply template,,,,,,,,,2,
l025-the-war-room,The WAR Room,discord_server,"NFL, dynasty and redraft fantasy football",first_line + Variant B,,,,,,,,,2,
l026-baseball-tavern,Baseball Tavern,discord_server,"MLB fandom, MLB The Show",first_line + Variant B,,,,,,,,,2,
l027-onlypicks,ONLYPICKS,discord_server,"PrizePicks, general sports betting",first_line + Variant B,,,,,,,,,2,
l028-ckh-sports-investing,CKH Sports Investing,discord_server,Sports picks chatting,first_line + Variant B,,,,,,,,,2,
l029-next-level-dfs,Next Level DFS,discord_server,"DFS across all sports (DraftKings, FanDuel)",first_line + Variant B,,,,,,,,,2,
l030-fantasy-baseball-discord,Fantasy Baseball Discord,discord_server,"Fantasy baseball, MLB",first_line + Variant B,,,,,,,,,2,
l031-mls-prop-paradise,MLS PROP PARADISE,discord_server,Free PrizePicks and Underdog props,first_line + Variant B,,,,,,,,,2,
l032-sharppunters,SharpPunters,discord_server,General sports betting; value finding,first_line + Variant B,,,,,,,,,2,
l033-boomy-bets,Boomy Bets,discord_server,"Sports betting, strategy talk",first_line + Variant B,,,,,,,,,2,
l034-gambling-community,Gambling Community,discord_server,General gambling incl. sportsbook parlays and picks,first_line + Variant B,,,,,,,,,2,
l035-bleed-the-books,Bleed The Books,discord_server,"Sports betting, free",first_line + Variant B,,,,,,,,,2,
l036-the-picks-vault,The Picks Vault,discord_server,Multi-sport picks and analysis,first_line + Variant B,,,,,,,,,2,
l037-playmaker-picks,PLAYMAKER PICKS,discord_server,"Picks incl. NBA, tennis, Underdog",first_line + Variant B,,,,,,,,,2,
l038-bretts-sports-bets,Brett's Sports Bets,discord_server,Sports betting; data and market analysis,first_line + Variant B,,,,,,,,,2,
l039-next-play,Next Play!,discord_server,"Sports betting, straights, fantasy",first_line + Variant B,,,,,,,,,2,
l040-top-notch-parlays,Top Notch Parlays,discord_server,"Sports parlays, free",first_line + Variant B,,,,,,,,,2,
