type,name,url,size,sport_focus,why_fit,contact_path,rule_status,first_line,checked
"discord_server","Unit Circle","https://disboard.org/server/1369099482997723208","813 members / 62 online (Disboard)","NFL, NBA, MLB, esports; props + fantasy","Listing says 'transparent results' and 'smart bankroll management'; posts daily props, matchups, line movement","Join as member, then ticket/mod channel (no public owner handle on Disboard)","ALLOWED_WITH_CONDITIONS","Unit Circle's pitch is transparent results and bankroll discipline, so you may have strong views on a nightly MLB/NFL card that is published before the game and graded in public, losses included.","2026-10-01"
"discord_server","337picks","https://disboard.org/server/1357930952684474439","2.4K members / 120 online (Disboard)","NFL, MLB, UFC, college football","Listing calls it a free community where members share parlays and slips; also runs watch parties","Join as member, then ticket/mod channel (no public owner handle on Disboard)","ALLOWED_WITH_CONDITIONS","Your members share parlays across NFL, MLB and UFC every day; I built a card that posts before first pitch and is graded in public, so slips have something honest to be compared against.","2026-10-01"
"discord_server","Presidential Props","https://disboard.org/server/1296363100030898239","3.6K members / 158 online (Disboard)","Props (PrizePicks/Underdog), NFL and others","Listing: 100% free, 10+ analysts posting slips and props daily","Join as member, then ticket/mod channel (no public owner handle on Disboard)","ALLOWED_WITH_CONDITIONS","With 10+ analysts posting slips daily, your server probably argues about whose record is real; a hash-chained public ledger graded after every game might settle some of that.","2026-10-01"
"discord_server","ONLYPICKS","https://disboard.org/server/1136368831359619092","2.9K members / 80 online (Disboard)","PrizePicks, general sports betting","Listing: free plays, winning strategies, daily insights, supportive team","Join as member, then ticket/mod channel (no public owner handle on Disboard)","ALLOWED_WITH_CONDITIONS","ONLYPICKS leans on free plays and daily insights; would your members want a second feed that posts a nightly MLB/NFL card with its public record, losses included?","2026-10-01"
"discord_server","CKH Sports Investing","https://disboard.org/server/1338573599316906088","1.3K members / 33 online (Disboard)","Sports picks chatting","Tag is sports-community-picks-chatting; chill community where members swap picks","Join as member, then ticket/mod channel (no public owner handle on Disboard)","ALLOWED_WITH_CONDITIONS","Your members trade picks in chat all day; I run a nightly MLB/NFL card that is graded in public, and I would like to know if a feed like that fits your channels.","2026-10-01"
"discord_server","Next Level DFS","https://disboard.org/server/611347471221784585","2.9K members / 67 online (Disboard)","DFS across all sports (DraftKings, FanDuel)","Listing: players share lineups and get opinions from other DFS players","Join as member, then ticket/mod channel (no public owner handle on Disboard)","ALLOWED_WITH_CONDITIONS","Next Level DFS is where people post lineups and ask for opinions; I have a nightly MLB/NFL card with a price-comparison view and a public record, and I want to know if it is useful or noise to your members.","2026-10-01"
"discord_server","Fantasy Football Addicts","https://disboard.org/server/754914821325062194","888 members / 96 online (Disboard)","NFL fantasy football","Listing: very active start/sit, find-a-league and general channels; show hosts answer questions daily","Join as member, then ticket/mod channel (no public owner handle on Disboard)","ALLOWED_WITH_CONDITIONS","Your start/sit channel stays busy all week; I publish an NFL card before kickoff and grade it in public, and I would like your honest read on whether that belongs near start/sit talk.","2026-10-01"
"discord_server","Dynasty Fantasy Baseball + Prospects","https://disboard.org/server/589880963966828574","1.1K members / 125 online (Disboard)","Dynasty fantasy baseball, MLB prospects","Listing: active community of dynasty baseball enthusiasts discussing baseball daily","Join as member, then ticket/mod channel (no public owner handle on Disboard)","ALLOWED_WITH_CONDITIONS","Dynasty folks read MLB closely; I post a nightly MLB card before first pitch with a public record that is currently negative, and I want a baseball-literate server to tell me where the analysis is weak.","2026-10-01"
"discord_server","Fantasy Baseball Discord","https://disboard.org/server/419271391918030873","5.2K members / 561 online (Disboard)","Fantasy baseball, MLB","Listing: knowledgeable fantasy baseball players, events, contests, giveaways","Join as member, then ticket/mod channel (no public owner handle on Disboard)","ALLOWED_WITH_CONDITIONS","Your server is one of the bigger fantasy baseball rooms; I publish a nightly MLB card graded in public, losses included, and would only post it in a channel you choose if you say yes.","2026-10-01"
"discord_server","BMB Picks","https://disboard.org/server/1409947706864042037","1.1K members / 70 online (Disboard)","Player props (PrizePicks, Betr, Chalkboard, DraftKings)","Listing: free player props every day, never costs money for picks","Join as member, then ticket/mod channel (no public owner handle on Disboard)","ALLOWED_WITH_CONDITIONS","You post free player props daily and say picks never cost money; I have a nightly MLB/NFL card with a hash-chained public record, and I wonder if your members would want the record view next to the picks.","2026-10-01"
"discord_server","MLS PROP PARADISE","https://disboard.org/server/1112585756985278484","11.7K members / 610 online (Disboard)","Free PrizePicks and Underdog props","Listing: free PrizePicks and Underdog props, completely free of charge; large and active","Join as member, then ticket/mod channel (no public owner handle on Disboard)","ALLOWED_WITH_CONDITIONS","Your server hands out free PrizePicks and Underdog props to thousands of people; I built a card that is graded in public after every game, losses included, and I would like to know if that is something you would want members to see.","2026-10-01"
"discord_server","CASH COUNTER","https://disboard.org/server/995897144907157675","1K members / 74 online (Disboard)","NFL, NCAAF, player props and game lines","Listing: free picks and betting discussion for NFL and college football, props and lines","Join as member, then ticket/mod channel (no public owner handle on Disboard)","ALLOWED_WITH_CONDITIONS","It's NFL season and your server is built around NFL and college football props and lines; I post an NFL card before kickoff and grade it in public, and I want your take on whether it earns a channel.","2026-10-01"
"discord_server","SBPICKS","https://disboard.org/server/1299474899273912502","3.3K members / 60 online (Disboard)","NFL, NBA, soccer, CS2; parlays and props","Listing: posts free researched parlays and props across many sports","Join as member, then ticket/mod channel (no public owner handle on Disboard)","ALLOWED_WITH_CONDITIONS","You post free researched parlays and props; my card is the opposite on one point, since every pick is graded in public on a ledger nobody can edit, even the losers. Would that be useful in your server?","2026-10-01"
"discord_server","BetSniper","https://disboard.org/server/1224482512210886757","745 members / 45 online (Disboard)","MLB props, Underdog; +EV picks and tools","Listing: free +EV picks and tools; overlaps with a price-comparison view (possible competitor)","Join as member, then ticket/mod channel (no public owner handle on Disboard)","ALLOWED_WITH_CONDITIONS","BetSniper is about +EV and tools; I have a price-comparison view next to a nightly MLB card, and I would rather ask whether your members find that useful than assume it.","2026-10-01"
"discord_server","Xploit Wagers","https://disboard.org/server/1250223090642849812","558 members / 20 online (Disboard)","NFL, NBA, MLB","Listing: community for sharing love of sports, betting and everything in between","Join as member, then ticket/mod channel (no public owner handle on Disboard)","ALLOWED_WITH_CONDITIONS","Xploit Wagers is a small NFL/NBA/MLB community that shares bets; I run a nightly card with a public record, and I would like your honest read on whether a feed like it fits.","2026-10-01"
"discord_server","SharpPunters","https://disboard.org/server/1125714458170376195","705 members / 26 online (Disboard)","General sports betting; value finding","Listing talks about a system that identifies value; check it is not a paid tout before messaging","Join as member, then ticket/mod channel (no public owner handle on Disboard)","ALLOWED_WITH_CONDITIONS","Your server is all about finding value; I publish a price-comparison view and a nightly card with a public record, and I would like a value-minded server to try to pick holes in it.","2026-10-01"
"discord_server","Boomy Bets","https://disboard.org/server/1004611937738444880","500 members / 17 online (Disboard)","Sports betting, strategy talk","Listing: active community that discusses strategies, shares tips and celebrates wins","Join as member, then ticket/mod channel (no public owner handle on Disboard)","ALLOWED_WITH_CONDITIONS","Your members celebrate big wins; I publish the losses too, on a public ledger, and I wonder if your server would want that honesty piece in a channel.","2026-10-01"
"discord_server","The WAR Room","https://disboard.org/server/1456414990612303884","516 members / 76 online (Disboard)","NFL, dynasty and redraft fantasy football","Listing: fantasy football Discord for dynasty/redraft leagues and NFL discussion","Join as member, then ticket/mod channel (no public owner handle on Disboard)","ALLOWED_WITH_CONDITIONS","Your members talk NFL every day; I post an NFL card before kickoff and grade it in public, and I would like to know if it belongs in the WAR Room.","2026-10-01"
"discord_server","Baseball Tavern","https://disboard.org/server/1082100134902497370","541 members / 55 online (Disboard)","MLB fandom, MLB The Show","Listing: baseball discussion server started in 2022; gambling may be off-topic, ask before anything else","Join as member, then ticket/mod channel (no public owner handle on Disboard)","ALLOWED_WITH_CONDITIONS (check whether betting talk is permitted at all)","Baseball Tavern is a baseball-first room, so before anything else: does your server allow betting-related bots or posts at all?","2026-10-01"
"discord_server","Gambling Community","https://disboard.org/server/880216482309611551","4.7K members / 223 online (Disboard)","General gambling incl. sportsbook parlays and picks","Listing: free community covering sportsbook parlays, picks and predictions, poker, casino","Join as member, then ticket/mod channel (no public owner handle on Disboard)","ALLOWED_WITH_CONDITIONS","You run a sports betting picks channel inside a broad gambling server; I post an MLB/NFL card with a public record that includes losses, and would want to know if that suits it.","2026-10-01"
"discord_server","Bleed The Books","https://disboard.org/server/1191972515254382683","502 members / 32 online (Disboard)","Sports betting, free","Listing: no fees or subscriptions, 100% free community of bettors","Join as member, then ticket/mod channel (no public owner handle on Disboard)","ALLOWED_WITH_CONDITIONS","You run a free server with no subscriptions; I would like to ask if a free 7-day trial of a nightly card feed with a public record is worth putting in front of your members.","2026-10-01"
"discord_server","The Picks Vault","https://disboard.org/server/1252068528119484416","1K members / 44 online (Disboard)","Multi-sport picks and analysis","Listing: free daily plays, 'transparent record and reasoning', community discussion and bankroll tips","Join as member, then ticket/mod channel (no public owner handle on Disboard)","ALLOWED_WITH_CONDITIONS","You say your record is transparent; mine is on a hash-chained ledger nobody can edit, and it is negative on MLB right now. Would a record-comparison channel interest you?","2026-10-01"
"discord_server","Sharp App","https://discordbotlist.com/servers/sharp-app-sports-betting-750497266552537217","10,025 members / 336 online (discordbotlist)","+EV betting tools, props","Vendor-run community around sharp.app; discusses sports, props and +EV tools; possible competitor, handle carefully","Join as member, then ticket/mod channel; vendor staff run it","ALLOWED_WITH_CONDITIONS (vendor-run, competitor-adjacent)","Your members talk +EV tools all day; I have a price-comparison view and a nightly card graded in public, and I want a tools-literate crowd to critique the record page.","2026-10-01"
"discord_server","PLAYMAKER PICKS","https://disboard.org/server/1328116926903353398","222 members / 35 online (Disboard)","Picks incl. NBA, tennis, Underdog","Listing: 100% free, 'no fake records, just real results'","Join as member, then ticket/mod channel (no public owner handle on Disboard)","ALLOWED_WITH_CONDITIONS","You advertise no fake records; I built a public ledger so nobody, including me, can edit one. Would you look at the record page and tell me what is missing?","2026-10-01"
"discord_server","Brett's Sports Bets","https://disboard.org/server/1509053217588252773","184 members / 30 online (Disboard)","Sports betting; data and market analysis","Listing: data, sharp market analysis and disciplined bankroll management; free picks tag","Join as member, then ticket/mod channel (no public owner handle on Disboard)","ALLOWED_WITH_CONDITIONS","Your server leans on market analysis and bankroll discipline; I publish a price-comparison view and a graded nightly card, and a small owner-led server is where I most want critical feedback.","2026-10-01"
"discord_server","Next Play!","https://disboard.org/server/1407411545767542814","212 members / 19 online (Disboard)","Sports betting, straights, fantasy","Listing: 'we replace hype with consistency'; not another pick group","Join as member, then ticket/mod channel (no public owner handle on Disboard)","ALLOWED_WITH_CONDITIONS","You say Next Play replaces hype with consistency; I publish every pick before the game and grade it in public, losses included. Would you review the record page?","2026-10-01"
"discord_server","Top Notch Parlays","https://disboard.org/server/1311860599638069248","378 members / 12 online (Disboard)","Sports parlays, free","Listing: free daily picks from owners and members with explained research","Join as member, then ticket/mod channel (no public owner handle on Disboard)","ALLOWED_WITH_CONDITIONS","Your members share daily picks with explanations; I would like to ask whether a nightly card that is graded in public would be useful as a reference point.","2026-10-01"
"discord_server","The Rolex Reserve","https://disboard.org/server/1473443853653639219","111 members / 13 online (Disboard)","NBA, MLB, NHL; projection model","Listing: nightly picks backed by a projection model, 'see the lines, see the math'; check overlap before messaging","Join as member, then ticket/mod channel (no public owner handle on Disboard)","ALLOWED_WITH_CONDITIONS (possible competitor)","You show the lines and the math for nightly MLB picks; I do the same with a hash-chained ledger on top, and I would trade notes on how to present a model record honestly.","2026-10-01"
"discord_server","DATALYTE","https://disboard.org/server/1440308733241458841","19 members / 6 online (Disboard)","Sports analytics, educational betting analysis","Listing: global sports analytics community with structured analysis and clean discussion; tiny but analytical","Join as member, then ticket/mod channel (no public owner handle on Disboard)","ALLOWED_WITH_CONDITIONS","DATALYTE is built around structured analysis, so you are the kind of reader I want to critique my record page: it is public, graded after every game, and negative on MLB right now.","2026-10-01"
"discord_server","SmarterPicks","https://disboard.org/server/1518367258425168085","18 members / 6 online (Disboard)","Sports betting analytics","Listing: 'transparent sports-betting analytics community' that rejects 'locks' and hype","Join as member, then ticket/mod channel (no public owner handle on Disboard)","ALLOWED_WITH_CONDITIONS","You reject locks and hype in your description; I think we agree on that, and I would value your critique of a record page that shows losses plainly.","2026-10-01"
"discord_server","Luxe Liness","https://disboard.org/server/1382417652399476766","36 members / 4 online (Disboard)","Teaching line-setting and risk","Listing: 'forget the fake locks', teaches how to think like the oddsmakers","Join as member, then ticket/mod channel (no public owner handle on Disboard)","ALLOWED_WITH_CONDITIONS","You teach people to think like oddsmakers; my price-comparison view shows the same game across books, and I would like a line-literate owner to say if it teaches or confuses.","2026-10-01"
"discord_server","The Huddle","https://disboard.org/server/1278050880880640122","58 members / 18 online (Disboard)","Gamers, fantasy sports and sports bettors","Listing: hub for gamers, fantasy sports enthusiasts and sports bettors","Join as member, then ticket/mod channel (no public owner handle on Disboard)","ALLOWED_WITH_CONDITIONS","The Huddle mixes gamers, fantasy players and bettors, which is my exact audience; would a nightly MLB/NFL card with a public record be welcome in a channel of yours?","2026-10-01"
"discord_server","Fantasy Football Conference","https://disboard.org/server/1322804570568658984","46 members / 15 online (Disboard)","NFL fantasy football, college football","Listing: fantasy-draft themed community for NFL and college fantasy","Join as member, then ticket/mod channel (no public owner handle on Disboard)","ALLOWED_WITH_CONDITIONS","Small fantasy servers are where I most want feedback; I post an NFL card before kickoff and grade it publicly, and I would only post it where you say yes.","2026-10-01"
"discord_server","PROFIT PARTNERS","https://disboard.org/server/1194821178326528120","7.2K members / 72 online (Disboard)","NFL, NBA; Australian betting focus","Listing describes an Australian sports betting community (13,500+ members claimed); check US-sport overlap and whether it sells picks","Join as member, then ticket/mod channel (no public owner handle on Disboard)","ALLOWED_WITH_CONDITIONS (AU-focused, check fit)","Profit Partners covers NFL for an Australian crowd; I publish a US-sports card with a public record, and I want to ask whether your members would care about that at all.","2026-10-01"
"subreddit","r/sportsbook","https://www.reddit.com/r/sportsbook/","616,065 members (per sportsbooks.ag 2026-09-15; not read first-hand)","All sports betting","Daily-thread-driven community; secondary source says very strict written rules on selling picks","modmail (r/sportsbook), only to ask permission; do not post a product","UNVERIFIED: treat as NOT_ALLOWED to promote","(Modmail) I run a free public record of nightly MLB/NFL picks, losses included. I will not post it here without your say; is there any thread where a link to a public record page is allowed?","NOT_FETCHED (reddit blocked to research tooling)"
"subreddit","r/sportsbetting","https://www.reddit.com/r/sportsbetting/","580,826 members (per sportsbooks.ag 2026-09-15; not read first-hand)","All sports betting","Free-form posting; secondary source says toughest written rules against selling picks","modmail (r/sportsbetting)","UNVERIFIED: treat as NOT_ALLOWED to promote; participate only","(Modmail) I run a free public record of nightly MLB/NFL picks, losses included. Is a feedback post asking for criticism of the record page allowed, with no link, or should I not post it?","NOT_FETCHED (reddit blocked to research tooling)"
"subreddit","r/algobetting","https://www.reddit.com/r/algobetting/","25,421 members (per sportsbooks.ag 2026-09-15; not read first-hand)","Betting models and statistics","Modeling and statistics community that cares about honest evaluation; best-fit audience for a hash-chained ledger","modmail (r/algobetting)","UNVERIFIED: ask modmail first","Question for people who build models: how would you want a model's public record presented so it cannot be edited and losses are visible? I have one and want it torn apart.","NOT_FETCHED (reddit blocked to research tooling)"
"subreddit","r/EVbetting","https://www.reddit.com/r/EVbetting/","11,291 members (per sportsbooks.ag 2026-09-15; not read first-hand)","+EV betting","Audience understands price comparison and closing lines","modmail (r/EVbetting)","UNVERIFIED: ask modmail first","What would you need to see on a price-comparison page before you trusted it, and what would make you close the tab?","NOT_FETCHED (reddit blocked to research tooling)"
"subreddit","r/NFLBETS","https://www.reddit.com/r/NFLBETS/","13,900 members (per sportsbooks.ag 2026-09-15; not read first-hand)","NFL betting","NFL-specific betting community; NFL season is live now","modmail (r/NFLBETS)","UNVERIFIED: ask modmail first","I publish an NFL card before kickoff and grade it in public. Is there a thread where a record page can be shared for criticism?","NOT_FETCHED (reddit blocked to research tooling)"
"subreddit","r/sportsgambling","https://www.reddit.com/r/sportsgambling/","22,451 members (per sportsbooks.ag 2026-09-15; not read first-hand)","Picks and predictions","Smaller picks and predictions community","modmail (r/sportsgambling)","UNVERIFIED: ask modmail first","Do you allow posts asking for criticism of a public pick record, and is a link acceptable?","NOT_FETCHED (reddit blocked to research tooling)"
"subreddit","r/baseballbetting","https://www.reddit.com/r/baseballbetting/","size unknown (named in a 2026 search result; not read first-hand)","MLB betting","Directly MLB; playoffs are live","modmail (r/baseballbetting)","UNVERIFIED: ask modmail first","I post a nightly MLB card before first pitch and my public record is negative. I want your harshest read on how it is presented; may I post for feedback?","NOT_FETCHED (reddit blocked to research tooling)"
"subreddit","r/SideProject","https://www.reddit.com/r/SideProject/","size unknown (not read first-hand)","Maker showcase","Showcase-friendly per secondary sources; honest 'what I built' posts are the norm","post (read sidebar first)","UNVERIFIED: likely ALLOWED_WITH_CONDITIONS","I built a nightly MLB/NFL card that is graded in public on a ledger nobody can edit, losses included. No edge claimed. What would you want to see before trusting it?","NOT_FETCHED (reddit blocked to research tooling)"
"subreddit","r/alphaandbetausers","https://www.reddit.com/r/alphaandbetausers/","size unknown (not read first-hand)","Beta testers wanted","Designed for founders seeking early testers per secondary sources","post (read sidebar first)","UNVERIFIED: likely ALLOWED_WITH_CONDITIONS","Looking for 10 testers for a sports-card feed: nightly MLB/NFL picks, public record with losses, no edge claimed. Free for 7 days; what should I fix first?","NOT_FETCHED (reddit blocked to research tooling)"
"subreddit","r/startups","https://www.reddit.com/r/startups/","size unknown (not read first-hand)","Startup feedback threads","Has a recurring feedback thread per secondary sources; check the sidebar for the day and format","comment in feedback thread only","UNVERIFIED: ALLOWED only in the designated feedback thread","(Feedback thread) Selling a Discord feed of a nightly sports card with a public ledger to community owners at $149/server. Is that price crazy for a community of 2,000?","NOT_FETCHED (reddit blocked to research tooling)"
"x_account","Peter Appel (@PeterAppel23)","https://x.com/peterappel23","44.9K followers","MLB, NFL betting; JustBaseball cofounder","Published 'Auditing Myself' MLB log through 2026-05-17: 25-37-1, -8.53 units, -18.5% ROI, with CLV","Reply on X; DM on X if open","ALLOWED_WITH_CONDITIONS","You published a losing MLB log with CLV in public; I run a hash-chained public record that also shows losses. Would you critique how mine is laid out?","2026-10-01"
"x_account","Joseph Buchdahl (@12Xpert)","https://x.com/12xpert","23.3K followers","Betting statistics, tipster evaluation","Bio: sports betting analyst and sceptic; author of Squares & Sharps, Suckers & Sharks","Reply on X; DM on X if open","ALLOWED_WITH_CONDITIONS","You judge tipster records skeptically; I would like your critique of a public ledger that shows losses plainly, with no edge claimed.","2026-10-01"
"x_account","Farley (@FarleyBets)","https://x.com/farleybets","8,154 followers","NFL betting contests","Bio: 2x Circa winner; writes a Substack on NFL betting","Reply on X; DM on X if open","ALLOWED_WITH_CONDITIONS","Contest players track every pick; I publish a graded NFL card with a public ledger and would like a contest player's view of the record page.","2026-10-01"
"x_account","Tyler Shoemaker (@TShoeIndex)","https://x.com/tshoeindex","10.7K followers","NFL, MLB ratings; tracked bets","Bio: creator of T Shoe Index; shares all bets and a group chat via Juice Reel","Reply on X; DM on X if open","ALLOWED_WITH_CONDITIONS","You post all your bets through a verified tracker; I do the same on a ledger nobody can edit, and I would like your critique of how I present losses.","2026-10-01"
"x_account","Tommy Lorenzo (@sportsbooktom)","https://x.com/sportsbooktom","10.5K followers","MLB, CFB, NFL contests; podcast host","Bio: hosts Cover The Weekend podcast; Westgate SuperContest finish; bets CFB and MLB","Reply on X; DM on X if open","ALLOWED_WITH_CONDITIONS","You bet MLB and host a show; I post a nightly MLB card before first pitch and grade it in public, negative record included, and would love a baseball bettor's critique.","2026-10-01"
"x_account","Kyle Kirms (@kylekirms)","https://x.com/kylekirms","20.8K followers","Sports betting content","Bio is minimal and links to YouTube; profile suggests a creator who talks about betting (posts not read, login wall)","Reply on X; DM on X if open","ALLOWED_WITH_CONDITIONS","Quick question for a bettor with a YouTube channel: would a nightly card with a public record that shows losses be useful to your viewers, or boring?","2026-10-01"
"x_account","Picks with the Professor (@ProfessorSides)","https://x.com/professorsides","3,053 followers","Player-level data betting","Bio: player-level data, long-term edge over short-term hype","Reply on X; DM on X if open","ALLOWED_WITH_CONDITIONS","You write 'long-term edge over short-term hype'; I have a public ledger that grades every card after the game, and I would like your take on the record page.","2026-10-01"
"x_account","David Miller (@vegasringers)","https://x.com/vegasringers","1,584 followers","+EV betting","Bio: bettor, 'natural quant', seeker of +EV","Reply on X; DM on X if open","ALLOWED_WITH_CONDITIONS","You hunt +EV; I have a price-comparison view next to a public record, and I would trade notes on which of the two a quant-minded bettor trusts more.","2026-10-01"
"x_account","Monotone Football (@MonotoneFootbal)","https://x.com/monotonefootbal","28.3K followers","Sports betting writer, Substack","Bio: writes about sports betting on Substack; formerly at 4for4 and VegasInsider","Reply on X; DM on X if open","ALLOWED_WITH_CONDITIONS","You write about sports betting for a living; I would like one honest paragraph on whether a hash-chained public ledger is a real transparency feature or window dressing.","2026-10-01"
"x_account","Beat the Spread (@WeBeatTheSpread)","https://x.com/webeatthespread","40.9K followers","Betting content creator","Bio shows partner links (affiliate-style); posts not read (login wall); check it is not a tout before engaging","Reply on X; DM on X if open","ALLOWED_WITH_CONDITIONS (affiliate-style bio, low confidence fit)","Do your followers ask how to tell a real record from an edited one? I built a public ledger that cannot be edited and would like your view.","2026-10-01"
"forum","Covers Website Promotions Forum","https://www.covers.com/forum/website-promotions-12","20,995 (count shown on Covers forum index)","All sports betting","The ONLY Covers forum where promoting a service is permitted; current threads include a 'free AI sports picks, every model tracked publicly' post","Create Thread (free account needed; founder's own account)","ALLOWED_WITH_CONDITIONS","Public record of a nightly MLB/NFL card, graded after every game, losses included, no edge claimed. Looking for criticism of the record page.","2026-10-01"
"forum","Covers MLB Betting Forum","https://www.covers.com/forum/mlb-betting-27","623,171 (count shown on Covers forum index)","MLB betting","Active daily MLB threads; promotion here is NOT allowed per Covers guidelines, participate only","Reply in threads; no promo","NOT_ALLOWED (promotion); participation OK","(No promo) Answer pitching and price questions in the daily threads; do not link the product.","2026-10-01"
"forum","Covers Systems and Strategies Forum","https://www.covers.com/forum/systems-strategies-79","4,825 (count shown on Covers forum index)","Betting systems","Strategy discussion; promotion not allowed outside Website Promotions","Reply in threads; no promo","NOT_ALLOWED (promotion); participation OK","(No promo) Contribute a data question about closing-line value; do not link the product.","2026-10-01"
"forum","TheRX Site Promotions Forum","https://www.therx.com/forums/site-promotions-forum.149/","active (threads from Sep 2026)","All sports betting; service plays","Forum states 'post any promotional or sports service information here' and that records posted are not verified by TheRX","Create thread (free account needed; founder's own account)","ALLOWED_WITH_CONDITIONS","Records posted here are unverified by the forum; mine is on a hash-chained ledger nobody can edit, losses included. Roast it.","2026-10-01"
"forum","TrustMyRecord Forums","https://trustmyrecord.com/forum/","290 members, 70 pick makers (TrustMyRecord home page)","General betting; MLB contest","Verification platform whose members already care about locked, auto-graded records; runs an MLB contest; overlaps with the product (peer or partner)","Contact link in site footer; forum account","ALLOWED_WITH_CONDITIONS (rules not read; peer platform)","Your users lock picks before game time and get auto-graded; I run a similar public record on a hash-chained ledger. Would you swap notes on what a reader needs to trust a record?","2026-10-01"
"creator","Fiddlespicks (Michael Fiddle)","https://fiddlespicks.substack.com/p/a-sports-betting-summer-reflection","subscribers not shown","MLB daily plays, NBA/NFL","Sends pending-wager and graded-wager sheets with devigged closing lines; sells a paid Whop group (possible competitor)","Substack comment or DM","ALLOWED_WITH_CONDITIONS","You send pending and graded sheets with closing lines every day; I publish a graded card on a ledger nobody can edit, and I would like your read on the presentation.","2026-10-01"
"creator","JustBaseball Betting (Peter Appel, TheDannyClassic)","https://www.justbaseball.com/betting/","site traffic not shown","MLB betting","Runs MLB picks, futures tracking ('How are my 2026 MLB futures doing?') and an 'Auditing Myself' series","Editorial contact via site; Peter Appel on X (@PeterAppel23)","ALLOWED_WITH_CONDITIONS","Your audit posts show losing stretches in public; I would like to offer a nightly MLB card with a public record as something you could cite or criticize.","2026-10-01"
"creator","MonotoneBetting Substack","https://substack.com/@monotonebetting","1,100+ subscribers (profile)","Player props, DC sports","Writes about player-prop betting; profile bio 'Player Prop Bettor and DC Sports Fan'","Substack DM","ALLOWED_WITH_CONDITIONS","You write about player props; my nightly card includes a price-comparison view of those props and a public record, and I would value one honest critique.","2026-10-01"
"creator","Farley's Substack","https://farleybets.substack.com/","launched about 2 years ago; subscribers not shown","NFL betting, psycho-social angles","Newsletter about finding an edge through psycho-social dynamics; author is a 2x Circa contest winner","Substack comment or DM","ALLOWED_WITH_CONDITIONS","Contest players keep honest records; I would like your view on whether a hash-chained public ledger is a real trust feature or just a gimmick.","2026-10-01"
"creator","The Closing Line Podcast (Dustin Gouker)","https://closingline.substack.com/p/episode-44-fixing-the-sports-betting-ecosystem-juice-reel","audience not disclosed","Betting industry, picks ecosystem","Episode 44 is literally about fixing the sports betting picks ecosystem; industry-press angle","Substack comment; email via Substack","ALLOWED_WITH_CONDITIONS","Your episode on fixing the picks ecosystem names the problem; I built one small answer, a public graded record on a ledger nobody can edit, and I would like your take or a mention only if it deserves one.","2026-10-01"
